ID,source_paper,ref_paper
206,72156,1996748509
207,72156,2007042500
208,72156,2015029893
209,72156,2021260239
210,72156,2031678850
211,72156,2075740393
212,72156,2086305648
213,72156,2094152319
214,72156,2147483647
819,320840,1987901102
820,320840,1990482858
821,320840,2032243141
822,320840,2041464890
823,320840,2062125344
824,320840,2082150979
825,320840,2115063249
826,320840,2127820302
1062,420648,587795852
1063,420648,1963873145
1064,420648,1978013200
1065,420648,1998035293
1066,420648,2032135473
1067,420648,2071494793
1068,420648,2091791319
1069,420648,2122522617
1070,420648,2131990331
1389,559900,167310184
1390,559900,1829223349
1391,559900,1969905745
1392,559900,1983113602
1393,559900,2004431208
1394,559900,2032385615
1395,559900,2082563010
1396,559900,2133485632
2412,985605,192402693
2413,985605,1973418567
2414,985605,1994761680
2415,985605,1999275474
2416,985605,2044466245
2417,985605,2107022932
2418,985605,2115490229
2419,985605,2147483647
2420,985605,2147483647
2550,1039233,1979118181
2551,1039233,1986016007
2552,1039233,2000195112
2553,1039233,2023037439
2554,1039233,2027277387
2555,1039233,2032580756
2556,1039233,2054047059
2557,1039233,2057968033
2558,1039233,2083172906
2559,1039233,2091943377
2689,1088166,1964091691
2690,1088166,1964719993
2691,1088166,1967882515
2692,1088166,1968877074
2693,1088166,1971396436
2694,1088166,1972763980
2695,1088166,1987948630
2696,1088166,2011896510
2697,1088166,2026562903
2698,1088166,2044052218
2699,1088166,2077490693
2700,1088166,2079371622
2701,1088166,2110257181
2702,1088166,2123551753
2703,1088166,2125481927
2704,1088166,2127209361
2705,1088166,2138319716
2706,1088166,2147483647
2707,1088166,2147483647
2708,1088166,2147483647
3000,1230365,1647075334
3001,1230365,1975430379
3002,1230365,2018600816
3003,1230365,2027279590
3004,1230365,2048839604
3005,1230365,2057442389
3006,1230365,2072647906
3007,1230365,2093340842
3066,1257703,1566540765
3067,1257703,1980392977
3068,1257703,1986704457
3069,1257703,1997961043
3070,1257703,2064693934
3071,1257703,2102544726
3072,1257703,2147483647
3073,1257703,2147483647
3123,1276430,1966927202
3124,1276430,1974719515
3125,1276430,1990120674
3126,1276430,2049130601
3127,1276430,2074549465
3128,1276430,2077415351
3129,1276430,2079480602
3130,1276430,2115830695
3131,1276430,2140439371
3132,1276430,2143859801
3353,1361687,1979398789
3354,1361687,1999381299
3355,1361687,2017686898
3356,1361687,2027188728
3357,1361687,2051515343
3358,1361687,2056385754
3359,1361687,2056619772
3360,1361687,2076803638
3361,1361687,2088126180
3362,1361687,2105589728
3363,1361687,2147483647
3364,1361687,2147483647
3720,1523236,202916737
3721,1523236,1576084985
3722,1523236,1607824254
3723,1523236,1709689368
3724,1523236,1965873469
3725,1523236,1986288134
3726,1523236,2017855692
3727,1523236,2044216711
3728,1523236,2079357168
3729,1523236,2085312229
3730,1523236,2134310663
3731,1523236,2135212275
3732,1523236,2147483647
3833,1571347,1834007383
3834,1571347,1975099845
3835,1571347,1998782105
3836,1571347,2003028531
3837,1571347,2010604768
3838,1571347,2013420529
3839,1571347,2064250799
3840,1571347,2069855417
3841,1571347,2088527472
3863,1580920,1968865606
3864,1580920,1992826305
3865,1580920,2033254523
3866,1580920,2064729380
3867,1580920,2065111373
3868,1580920,2071122099
3869,1580920,2087529683
3870,1580920,2093337403
4391,1803045,69607722
4392,1803045,586667164
4393,1803045,1554018745
4394,1803045,1970972705
4395,1803045,2073545186
4396,1803045,2083402998
4397,1803045,2117938783
4398,1803045,2147483647
5126,2127016,1991417133
5127,2127016,1998842728
5128,2127016,2002904469
5129,2127016,2052260397
5130,2127016,2101790701
5131,2127016,2108667668
5132,2127016,2134534294
5133,2127016,2147483647
5242,2172078,1982391580
5243,2172078,2030920970
5244,2172078,2037944442
5245,2172078,2074609710
5246,2172078,2081588077
5247,2172078,2100626549
5248,2172078,2108914190
5249,2172078,2147483647
5255,2174066,2010499448
5256,2174066,2067486558
5257,2174066,2075641622
5258,2174066,2088006036
5259,2174066,2089621436
5260,2174066,2103332439
5261,2174066,2126441143
5262,2174066,2147483647
5276,2182070,89417507
5277,2182070,1973678174
5278,2182070,1984090735
5279,2182070,1995671210
5280,2182070,2011135844
5281,2182070,2021743579
5282,2182070,2061014473
5283,2182070,2062740729
5284,2182070,2126519871
5735,2395332,1595818143
5736,2395332,1615237301
5737,2395332,1865510995
5738,2395332,2021036513
5739,2395332,2028247608
5740,2395332,2087664087
5741,2395332,2102266633
5742,2395332,2125811166
5743,2395332,2147483647
6213,2594483,317843032
6214,2594483,1986598970
6215,2594483,1992923769
6216,2594483,2007861811
6217,2594483,2012158331
6218,2594483,2015983646
6219,2594483,2031246402
6220,2594483,2042379493
6221,2594483,2064979961
6222,2594483,2076526436
6223,2594483,2086758120
6224,2594483,2086879953
6225,2594483,2097395431
6226,2594483,2147483647
6227,2594483,2147483647
6228,2594483,2147483647
6311,2631719,1965255250
6312,2631719,1983920707
6313,2631719,2004282419
6314,2631719,2008582338
6315,2631719,2077402439
6316,2631719,2084233779
6317,2631719,2087132903
6318,2631719,2100786513
7166,3011556,1593134872
7167,3011556,1985164165
7168,3011556,1999220393
7169,3011556,2016049885
7170,3011556,2054064585
7171,3011556,2066116982
7172,3011556,2074606827
7173,3011556,2075136037
7174,3011556,2147483647
7505,3157067,1968575651
7506,3157067,1988784113
7507,3157067,2059662266
7508,3157067,2099804621
7509,3157067,2102907361
7510,3157067,2119802842
7511,3157067,2129368288
7512,3157067,2144595024
7555,3174223,19713662
7556,3174223,106033687
7557,3174223,228421670
7558,3174223,1479820551
7559,3174223,1527684797
7560,3174223,1976133216
7561,3174223,2023409631
7562,3174223,2058784939
7563,3174223,2083259691
8224,3478795,1526596450
8225,3478795,1579711827
8226,3478795,1968797267
8227,3478795,1985861538
8228,3478795,1991115804
8229,3478795,2030710089
8230,3478795,2039087375
8231,3478795,2086584161
8232,3478795,2092754966
8233,3478795,2100117872
8234,3478795,2147483647
8626,3639990,1597586910
8627,3639990,1607065242
8628,3639990,1977912132
8629,3639990,1979954542
8630,3639990,2051209414
8631,3639990,2062704276
8632,3639990,2092710299
8633,3639990,2101524137
8634,3639990,2110820772
8635,3639990,2122965970
8636,3639990,2129113026
8637,3639990,2131350165
8638,3639990,2147483647
8722,3668970,1565153664
8723,3668970,1902275498
8724,3668970,1974471655
8725,3668970,1985143687
8726,3668970,1993050050
8727,3668970,1996511362
8728,3668970,2081823884
8729,3668970,2089824266
8730,3668970,2092903539
8731,3668970,2096012124
8732,3668970,2102252670
8733,3668970,2131065520
9047,3811663,1596934832
9048,3811663,1963483613
9049,3811663,1987542510
9050,3811663,1995129060
9051,3811663,2013834684
9052,3811663,2032510873
9053,3811663,2091949844
9054,3811663,2100219437
9055,3811663,2147483647
9123,3847876,1510528076
9124,3847876,1986024151
9125,3847876,2014347962
9126,3847876,2040153309
9127,3847876,2056198198
9128,3847876,2069898130
9129,3847876,2072880839
9130,3847876,2112815040
9131,3847876,2147483647
9136,3848327,1495526149
9137,3848327,1846272158
9138,3848327,1969540615
9139,3848327,2030893445
9140,3848327,2044025320
9141,3848327,2079504227
9142,3848327,2081143709
9143,3848327,2083514365
9144,3848327,2128983429
9145,3848327,2138741791
9376,3940718,92703712
9377,3940718,95625308
9378,3940718,1991155255
9379,3940718,1996485878
9380,3940718,2017068195
9381,3940718,2075218762
9382,3940718,2075961560
9383,3940718,2147483647
9399,3952636,1632068222
9400,3952636,1980754795
9401,3952636,2017985723
9402,3952636,2034521763
9403,3952636,2095733423
9404,3952636,2127631317
9405,3952636,2138046727
9406,3952636,2147483647
9520,3997935,151382158
9521,3997935,1977081203
9522,3997935,1978315128
9523,3997935,1978502057
9524,3997935,1985202665
9525,3997935,2036277349
9526,3997935,2067409317
9527,3997935,2093156234
9553,4008634,1591447100
9554,4008634,1666681395
9555,4008634,1873448316
9556,4008634,1896587953
9557,4008634,1982890443
9558,4008634,1990210581
9559,4008634,2029922422
9560,4008634,2054960576
9561,4008634,2061376529
9562,4008634,2072851327
9563,4008634,2147483647
9854,4152104,1489513029
9855,4152104,2017252689
9856,4152104,2033676302
9857,4152104,2046416111
9858,4152104,2059148040
9859,4152104,2068456184
9860,4152104,2072233684
9861,4152104,2120435942
9862,4152104,2135988428
9863,4152104,2136660863
9912,4178420,60956709
9913,4178420,644088560
9914,4178420,1590116646
9915,4178420,2003431578
9916,4178420,2024344334
9917,4178420,2039263047
9918,4178420,2060572854
9919,4178420,2147483647
10335,4332363,1580159155
10336,4332363,1965217223
10337,4332363,1989149919
10338,4332363,2000964332
10339,4332363,2017621114
10340,4332363,2037948191
10341,4332363,2086074591
10342,4332363,2126204990
10343,4332363,2130909876
11055,4634584,1525892378
11056,4634584,1605655695
11057,4634584,1664468538
11058,4634584,2011194264
11059,4634584,2014481960
11060,4634584,2014960573
11061,4634584,2074802774
11062,4634584,2105472242
11063,4634584,2140415025
11197,4703160,1977951739
11198,4703160,1990259874
11199,4703160,1992687573
11200,4703160,1995869907
11201,4703160,2014209332
11202,4703160,2023739541
11203,4703160,2040652292
11204,4703160,2044511994
11205,4703160,2115785458
11206,4703160,2126181198
11295,4741893,1493139712
11296,4741893,1967254945
11297,4741893,2016378690
11298,4741893,2028213426
11299,4741893,2030214259
11300,4741893,2031474060
11301,4741893,2036634567
11302,4741893,2038332731
11303,4741893,2101917504
11304,4741893,2119772007
11321,4749701,1998701421
11322,4749701,2009399560
11323,4749701,2043251061
11324,4749701,2044385529
11325,4749701,2050774934
11326,4749701,2068748037
11327,4749701,2106939052
11328,4749701,2110223162
11329,4749701,2147483647
11645,4880324,624325429
11646,4880324,657870130
11647,4880324,1966542021
11648,4880324,2008023785
11649,4880324,2043871891
11650,4880324,2074328167
11651,4880324,2087834190
11652,4880324,2129443886
11653,4880324,2133336638
11892,4987139,606693916
11893,4987139,1494589518
11894,4987139,1545190048
11895,4987139,1601529928
11896,4987139,1981528961
11897,4987139,2018299967
11898,4987139,2019675330
11899,4987139,2062613174
12212,5124378,12235790
12213,5124378,1561382837
12214,5124378,1962692964
12215,5124378,1981157301
12216,5124378,1986247777
12217,5124378,1998412423
12218,5124378,2014521583
12219,5124378,2015565457
12220,5124378,2018961890
12221,5124378,2037715584
12222,5124378,2110385921
12225,5126212,163352656
12226,5126212,1967199758
12227,5126212,1986705354
12228,5126212,1989632372
12229,5126212,2040646847
12230,5126212,2056148352
12231,5126212,2086285353
12232,5126212,2138599948
12233,5126212,2145080287
12365,5195574,1983946231
12366,5195574,2038256546
12367,5195574,2053094468
12368,5195574,2055539204
12369,5195574,2074820885
12370,5195574,2112961585
12371,5195574,2135803228
12372,5195574,2142154986
12531,5279327,1970225649
12532,5279327,2011393189
12533,5279327,2021925516
12534,5279327,2053195761
12535,5279327,2096118264
12536,5279327,2097099406
12537,5279327,2120311544
12538,5279327,2147483647
12702,5340292,1977614983
12703,5340292,2023299675
12704,5340292,2033099498
12705,5340292,2041169454
12706,5340292,2055119128
12707,5340292,2091334474
12708,5340292,2094835614
12709,5340292,2142495846
13183,5544890,1996481792
13184,5544890,2015815383
13185,5544890,2017616865
13186,5544890,2063330798
13187,5544890,2069993260
13188,5544890,2087625931
13189,5544890,2126203546
13190,5544890,2140224974
14707,6166819,1535637203
14708,6166819,1973683329
14709,6166819,1976456818
14710,6166819,1980014382
14711,6166819,2021818156
14712,6166819,2051014769
14713,6166819,2057153237
14714,6166819,2066055364
14715,6166819,2115756463
15048,6311008,1972394475
15049,6311008,2001363398
15050,6311008,2022796482
15051,6311008,2023380041
15052,6311008,2049457326
15053,6311008,2058347696
15054,6311008,2068871850
15055,6311008,2069250095
15056,6311008,2071632707
15057,6311008,2081383679
15058,6311008,2114907022
15059,6311008,2115724541
15060,6311008,2147483647
15119,6333511,1603793127
15120,6333511,1999284470
15121,6333511,2003798106
15122,6333511,2006383204
15123,6333511,2011983814
15124,6333511,2139548989
15125,6333511,2147483647
15126,6333511,2147483647
15586,6537876,1575633236
15587,6537876,1913089487
15588,6537876,1988816382
15589,6537876,1995381634
15590,6537876,1997595847
15591,6537876,2038329036
15592,6537876,2046446708
15593,6537876,2059715058
15594,6537876,2079324012
15595,6537876,2091800053
15596,6537876,2092153490
15597,6537876,2105066003
15672,6566674,945971137
15673,6566674,996420603
15674,6566674,1431893018
15675,6566674,1606486628
15676,6566674,1973752025
15677,6566674,1983030217
15678,6566674,2022549457
15679,6566674,2032000907
15680,6566674,2036671681
15681,6566674,2040197057
15682,6566674,2052468354
15683,6566674,2063281279
15684,6566674,2075307846
15685,6566674,2075326506
15686,6566674,2084818615
15687,6566674,2089842994
15688,6566674,2147483647
15855,6644564,52618020
15856,6644564,2004804433
15857,6644564,2060405703
15858,6644564,2079135751
15859,6644564,2114175490
15860,6644564,2147483647
15861,6644564,2147483647
15862,6644564,2147483647
17154,7261346,1794554768
17155,7261346,1905188415
17156,7261346,1972494704
17157,7261346,2022289852
17158,7261346,2043292259
17159,7261346,2068230503
17160,7261346,2078735568
17161,7261346,2092831145
17162,7261346,2105707878
17163,7261346,2107591846
17164,7261346,2147483647
17206,7285161,1505777551
17207,7285161,1559298698
17208,7285161,1635331996
17209,7285161,1811699164
17210,7285161,2034745673
17211,7285161,2121020801
17212,7285161,2125520361
17213,7285161,2141767930
17430,7362310,1834241011
17431,7362310,1942715185
17432,7362310,2025728213
17433,7362310,2032306900
17434,7362310,2104724396
17435,7362310,2122683694
17436,7362310,2132299520
17437,7362310,2147483647
17438,7362310,2147483647
17532,7406838,1566969252
17533,7406838,1606519969
17534,7406838,2049266645
17535,7406838,2053576250
17536,7406838,2075279905
17537,7406838,2089353735
17538,7406838,2094657382
17539,7406838,2126182028
17540,7406838,2147483647
18087,7676022,90094858
18088,7676022,1587110352
18089,7676022,1619606969
18090,7676022,2028687542
18091,7676022,2039597395
18092,7676022,2052547687
18093,7676022,2055518825
18094,7676022,2057202829
18095,7676022,2121511636
18096,7676022,2122694766
18097,7676022,2147483647
18098,7676022,2147483647
18162,7703573,1994711951
18163,7703573,2026348109
18164,7703573,2062608369
18165,7703573,2095298909
18166,7703573,2112777549
18167,7703573,2127296180
18168,7703573,2136904680
18169,7703573,2147483647
18170,7703573,2147483647
18536,7866693,1980704757
18537,7866693,1989699697
18538,7866693,1992078791
18539,7866693,2003123080
18540,7866693,2010016894
18541,7866693,2027953236
18542,7866693,2062316965
18543,7866693,2073588048
18544,7866693,2141095901
18545,7866693,2147483647
18750,7951270,154453268
18751,7951270,1543948451
18752,7951270,1880707725
18753,7951270,1937709160
18754,7951270,1986820800
18755,7951270,2010769990
18756,7951270,2027622048
18757,7951270,2067072596
18758,7951270,2147483647
19737,8371150,66898003
19738,8371150,1500556256
19739,8371150,1991149890
19740,8371150,2013606896
19741,8371150,2048601206
19742,8371150,2049065417
19743,8371150,2049438263
19744,8371150,2060383679
19745,8371150,2069982201
19746,8371150,2070992410
19747,8371150,2071614175
19748,8371150,2076277189
19749,8371150,2081190360
19750,8371150,2105995626
19751,8371150,2107149701
19752,8371150,2107495112
19753,8371150,2108714478
19754,8371150,2121847900
19755,8371150,2124157069
19756,8371150,2141792857
19757,8371150,2147483647
19823,8399207,49656881
19824,8399207,1977758989
19825,8399207,2008375278
19826,8399207,2019149391
19827,8399207,2046454511
19828,8399207,2091625576
19829,8399207,2118629895
19830,8399207,2147483647
20054,8481798,1968823277
20055,8481798,1975050820
20056,8481798,1994739286
20057,8481798,1997865284
20058,8481798,2057653070
20059,8481798,2074529259
20060,8481798,2080250903
20061,8481798,2118033193
20509,8696275,53849680
20510,8696275,2003261094
20511,8696275,2014703862
20512,8696275,2024909826
20513,8696275,2048109598
20514,8696275,2063057318
20515,8696275,2066528204
20516,8696275,2074616400
20517,8696275,2122293942
20585,8723341,1981591053
20586,8723341,1999994941
20587,8723341,2002011866
20588,8723341,2007696395
20589,8723341,2012238018
20590,8723341,2060335394
20591,8723341,2063709238
20592,8723341,2125419475
20593,8723341,2147483647
20594,8723341,2147483647
20703,8768665,58525860
20704,8768665,103249776
20705,8768665,1781345619
20706,8768665,1972531572
20707,8768665,2017321847
20708,8768665,2022024278
20709,8768665,2049381901
20710,8768665,2067438641
20711,8768665,2075245837
20712,8768665,2096419724
20713,8768665,2104525019
20714,8768665,2130917972
22025,9320342,1497047052
22026,9320342,1645477116
22027,9320342,1978222781
22028,9320342,2043515464
22029,9320342,2085345388
22030,9320342,2089359137
22031,9320342,2092337376
22032,9320342,2147483647
22816,9650828,1972658796
22817,9650828,2027599174
22818,9650828,2032450941
22819,9650828,2045565604
22820,9650828,2049291682
22821,9650828,2051375912
22822,9650828,2106345317
22823,9650828,2128188759
22889,9677870,1495836051
22890,9677870,1515311330
22891,9677870,1541241018
22892,9677870,1970692848
22893,9677870,2038698150
22894,9677870,2058712207
22895,9677870,2059442185
22896,9677870,2091603217
22939,9696069,1969831264
22940,9696069,2002519594
22941,9696069,2008095860
22942,9696069,2014861114
22943,9696069,2066076361
22944,9696069,2097791968
22945,9696069,2118422387
22946,9696069,2118555287
23169,9782981,1967075472
23170,9782981,1972673665
23171,9782981,1975458440
23172,9782981,1989942067
23173,9782981,1993224773
23174,9782981,2009162481
23175,9782981,2012027999
23176,9782981,2026192481
23177,9782981,2056869991
23178,9782981,2062237228
23179,9782981,2069493093
23180,9782981,2077603659
23181,9782981,2077970876
23182,9782981,2086852313
23183,9782981,2144939939
23184,9782981,2147483647
23185,9782981,2147483647
23451,9894186,1531502404
23452,9894186,1540570736
23453,9894186,1999623595
23454,9894186,2024692327
23455,9894186,2092901905
23456,9894186,2139723538
23457,9894186,2147483647
23458,9894186,2147483647
23459,9894186,2147483647
23488,9901541,1552829599
23489,9901541,1963876488
23490,9901541,1974267201
23491,9901541,1986991023
23492,9901541,2000667628
23493,9901541,2009883632
23494,9901541,2028683460
23495,9901541,2075004794
23496,9901541,2085390558
23497,9901541,2087993269
23498,9901541,2089899743
23499,9901541,2099337775
23500,9901541,2109068464
23583,9936856,1834041072
23584,9936856,1917150470
23585,9936856,1948022906
23586,9936856,1963592300
23587,9936856,2013724724
23588,9936856,2065363428
23589,9936856,2131623899
23590,9936856,2147483647
23591,9936856,2147483647
23774,10010475,1514107797
23775,10010475,1563216928
23776,10010475,1587744656
23777,10010475,1665776648
23778,10010475,2023679265
23779,10010475,2057768213
23780,10010475,2058937865
23781,10010475,2076062402
23782,10010475,2142046204
23783,10010475,2147483647
23824,10029670,1660631781
23825,10029670,1980844512
23826,10029670,1985446247
23827,10029670,2000047137
23828,10029670,2036824226
23829,10029670,2051006941
23830,10029670,2053941795
23831,10029670,2136124373
23832,10029670,2137081078
25155,10602002,563972367
25156,10602002,1607113512
25157,10602002,1681833534
25158,10602002,1947117601
25159,10602002,2002586861
25160,10602002,2003440352
25161,10602002,2036523109
25162,10602002,2103273846
25163,10602002,2147483647
25595,10783906,190698419
25596,10783906,235305903
25597,10783906,1620596278
25598,10783906,1845754536
25599,10783906,2022713447
25600,10783906,2045716211
25601,10783906,2059918674
25602,10783906,2083944576
25603,10783906,2138835651
26099,11008574,1509371781
26100,11008574,1568094377
26101,11008574,2013927809
26102,11008574,2055070009
26103,11008574,2070818631
26104,11008574,2099766377
26105,11008574,2118955716
26106,11008574,2147483647
26162,11032860,1659584317
26163,11032860,1976489057
26164,11032860,1993581972
26165,11032860,2010152279
26166,11032860,2021558206
26167,11032860,2110836834
26168,11032860,2120102288
26169,11032860,2140023920
26463,11162258,15815952
26464,11162258,138704092
26465,11162258,1972262319
26466,11162258,1998342771
26467,11162258,2013835606
26468,11162258,2014885936
26469,11162258,2072326552
26470,11162258,2147483647
26614,11231489,1974509237
26615,11231489,1974962143
26616,11231489,2018220089
26617,11231489,2027518719
26618,11231489,2037708282
26619,11231489,2072354225
26620,11231489,2082947503
26621,11231489,2121510330
27656,11679027,1514077182
27657,11679027,1940955820
27658,11679027,1987087859
27659,11679027,1995842607
27660,11679027,2060036179
27661,11679027,2081322742
27662,11679027,2109504889
27663,11679027,2128387695
27664,11679027,2147483647
27665,11679027,2147483647
28271,11933240,2011072921
28272,11933240,2037727617
28273,11933240,2053489893
28274,11933240,2060550584
28275,11933240,2113757596
28276,11933240,2123912953
28277,11933240,2140832481
28278,11933240,2147483647
28279,11933240,2147483647
28417,12000557,1040111002
28418,12000557,1609526117
28419,12000557,1657389039
28420,12000557,1963691321
28421,12000557,1972979701
28422,12000557,1975543975
28423,12000557,1975576565
28424,12000557,1980365378
28425,12000557,1992824320
28426,12000557,1993274786
28427,12000557,1998146889
28428,12000557,2006820335
28429,12000557,2006839551
28430,12000557,2016714637
28431,12000557,2016787894
28432,12000557,2022173644
28433,12000557,2023002350
28434,12000557,2023869315
28435,12000557,2024189170
28436,12000557,2025431297
28437,12000557,2029107932
28438,12000557,2043791177
28439,12000557,2045775381
28440,12000557,2048207399
28441,12000557,2055030437
28442,12000557,2063778823
28443,12000557,2073906050
28444,12000557,2081036000
28445,12000557,2085603419
28446,12000557,2087496472
28447,12000557,2102928538
28448,12000557,2117059299
28449,12000557,2122521990
28450,12000557,2124684261
28451,12000557,2146273266
28915,12192683,1987290827
28916,12192683,1991149014
28917,12192683,2040234712
28918,12192683,2052310806
28919,12192683,2053803579
28920,12192683,2084280180
28921,12192683,2086085880
28922,12192683,2087992607
28923,12192683,2117305571
28924,12192683,2119029814
28925,12192683,2135314242
28926,12192683,2147483647
29058,12254087,1578510003
29059,12254087,1971016056
29060,12254087,1991459911
29061,12254087,2009082639
29062,12254087,2017564246
29063,12254087,2037691129
29064,12254087,2061104178
29065,12254087,2125147395
29066,12254087,2143786272
29067,12254087,2147185041
29068,12254087,2147483647
29316,12364407,1991834622
29317,12364407,2051535676
29318,12364407,2059919384
29319,12364407,2105059412
29320,12364407,2135629973
29321,12364407,2147483647
29322,12364407,2147483647
29323,12364407,2147483647
29569,12454117,142660384
29570,12454117,1943874467
29571,12454117,1979542628
29572,12454117,1984366394
29573,12454117,1998444876
29574,12454117,2046271789
29575,12454117,2122292170
29576,12454117,2147483647
30159,12687325,1527926928
30160,12687325,1554427720
30161,12687325,1576215194
30162,12687325,1981324699
30163,12687325,1987647241
30164,12687325,1988657472
30165,12687325,1992663794
30166,12687325,1997697459
30167,12687325,2014255559
30168,12687325,2020445699
30169,12687325,2037787253
30170,12687325,2062059798
30171,12687325,2067257680
30172,12687325,2068804028
30173,12687325,2069378215
30174,12687325,2082375845
30175,12687325,2129591536
30176,12687325,2132309525
30198,12697191,1969583763
30199,12697191,1988003940
30200,12697191,1988146357
30201,12697191,1996252586
30202,12697191,2020221186
30203,12697191,2080143025
30204,12697191,2095033221
30205,12697191,2114217961
30206,12697191,2133482901
30475,12824455,189022555
30476,12824455,1525140638
30477,12824455,2004363617
30478,12824455,2017769117
30479,12824455,2030283467
30480,12824455,2080289546
30481,12824455,2087494210
30482,12824455,2147483647
30586,12882622,1545123154
30587,12882622,1965333863
30588,12882622,1978338608
30589,12882622,2012061575
30590,12882622,2069122710
30591,12882622,2086946054
30592,12882622,2093767522
30593,12882622,2099629218
30594,12882622,2129230492
30595,12882622,2139813070
30596,12882622,2145731645
30597,12882622,2147483647
30708,12927549,135874833
30709,12927549,2006071157
30710,12927549,2010058748
30711,12927549,2039886543
30712,12927549,2087129686
30713,12927549,2115682148
30714,12927549,2132105820
30715,12927549,2144030012
30716,12927549,2145869625
30717,12927549,2147483647
30854,12989376,1987399823
30855,12989376,2017866832
30856,12989376,2026495414
30857,12989376,2032630521
30858,12989376,2033404530
30859,12989376,2035784884
30860,12989376,2037426452
30861,12989376,2042028776
30862,12989376,2042762116
30863,12989376,2072794888
30864,12989376,2080269131
30961,13034321,1965413214
30962,13034321,1983359385
30963,13034321,1987070052
30964,13034321,1987780693
30965,13034321,2006834442
30966,13034321,2044221124
30967,13034321,2051308032
30968,13034321,2081841339
30969,13034321,2089154386
30970,13034321,2089237437
30971,13034321,2142135550
31556,13291205,1974216624
31557,13291205,1988829946
31558,13291205,2010403948
31559,13291205,2012373360
31560,13291205,2099392913
31561,13291205,2108364179
31562,13291205,2113464808
31563,13291205,2147483647
32299,13612475,1420070231
32300,13612475,1579488798
32301,13612475,1877788794
32302,13612475,1966308891
32303,13612475,1974041415
32304,13612475,1976283704
32305,13612475,1991573172
32306,13612475,2020471728
32307,13612475,2036994145
32308,13612475,2060941921
32309,13612475,2062751106
32310,13612475,2080557170
32311,13612475,2147483647
32312,13612475,2147483647
32517,13715453,111738613
32518,13715453,1968108666
32519,13715453,1972222363
32520,13715453,1983735193
32521,13715453,1997257745
32522,13715453,2026379079
32523,13715453,2042492216
32524,13715453,2049428382
32525,13715453,2052842838
32526,13715453,2063969748
32527,13715453,2076135724
32528,13715453,2077965730
32529,13715453,2089509524
32530,13715453,2089908789
32531,13715453,2137273797
32953,13911473,1796417427
32954,13911473,1995027370
32955,13911473,2012322828
32956,13911473,2105241743
32957,13911473,2129209525
32958,13911473,2144845706
32959,13911473,2145595235
32960,13911473,2147483647
33072,13964372,1496437928
33073,13964372,1967660246
33074,13964372,1991824942
33075,13964372,2002585756
33076,13964372,2019324076
33077,13964372,2025534540
33078,13964372,2093289783
33079,13964372,2122298493
33229,14029757,2005671393
33230,14029757,2048888251
33231,14029757,2077495231
33232,14029757,2101303350
33233,14029757,2101439149
33234,14029757,2132651910
33235,14029757,2134049491
33236,14029757,2147483647
33237,14029757,2147483647
33338,14070934,1967410391
33339,14070934,1982159006
33340,14070934,1988473377
33341,14070934,2003462078
33342,14070934,2030453994
33343,14070934,2072154896
33344,14070934,2074185922
33345,14070934,2075900055
33481,14133363,621635328
33482,14133363,1977556669
33483,14133363,2000370775
33484,14133363,2005186452
33485,14133363,2006219734
33486,14133363,2019194300
33487,14133363,2029877530
33488,14133363,2054037016
33489,14133363,2072779160
33490,14133363,2147483647
34118,14429100,1709867883
34119,14429100,2072319696
34120,14429100,2074545297
34121,14429100,2077468372
34122,14429100,2121078073
34123,14429100,2125617798
34124,14429100,2127046829
34125,14429100,2135731190
34314,14516888,1581703312
34315,14516888,1994003211
34316,14516888,2049077938
34317,14516888,2049177745
34318,14516888,2072084303
34319,14516888,2084617172
34320,14516888,2089146989
34321,14516888,2123733829
34584,14626597,1926963080
34585,14626597,1970622061
34586,14626597,1974433015
34587,14626597,2019916822
34588,14626597,2046757075
34589,14626597,2061634126
34590,14626597,2073819087
34591,14626597,2108284600
34592,14626597,2138406971
34593,14626597,2147483647
34594,14626597,2147483647
35106,14856309,2005542659
35107,14856309,2005817125
35108,14856309,2006123238
35109,14856309,2010294805
35110,14856309,2016017793
35111,14856309,2016518958
35112,14856309,2039611888
35113,14856309,2072592181
35114,14856309,2128631322
35260,14934289,85957770
35261,14934289,1568240754
35262,14934289,1964604763
35263,14934289,1997880659
35264,14934289,2025768791
35265,14934289,2058680650
35266,14934289,2072747320
35267,14934289,2075763649
35268,14934289,2147483647
35269,14934289,2147483647
35287,14943804,1970870766
35288,14943804,1979078388
35289,14943804,1996294139
35290,14943804,2078728733
35291,14943804,2086225551
35292,14943804,2102634937
35293,14943804,2122618470
35294,14943804,2147483647
35584,15063664,608031164
35585,15063664,1559146544
35586,15063664,1604097175
35587,15063664,1999629767
35588,15063664,2027395947
35589,15063664,2036677988
35590,15063664,2054398927
35591,15063664,2056374467
35592,15063664,2059408620
35593,15063664,2064861744
35594,15063664,2084486333
35595,15063664,2087240242
35596,15063664,2147483647
35637,15076624,2015136692
35638,15076624,2039040226
35639,15076624,2047964609
35640,15076624,2105628709
35641,15076624,2117490187
35642,15076624,2142902504
35643,15076624,2142984653
35644,15076624,2143800923
35645,15076624,2147483647
35647,15077275,580204955
35648,15077275,1979717985
35649,15077275,1981868599
35650,15077275,1998477993
35651,15077275,2048390903
35652,15077275,2062970442
35653,15077275,2068013939
35654,15077275,2073039951
35655,15077275,2085831267
36208,15301821,339747771
36209,15301821,1620188099
36210,15301821,1974981001
36211,15301821,1980202511
36212,15301821,1997995208
36213,15301821,2004138312
36214,15301821,2023728710
36215,15301821,2035443888
36216,15301821,2065669739
36217,15301821,2067795327
36218,15301821,2147483647
36219,15301821,2147483647
36448,15404827,1968895281
36449,15404827,1977156809
36450,15404827,1985466996
36451,15404827,1986936437
36452,15404827,1996239204
36453,15404827,2006212091
36454,15404827,2024313124
36455,15404827,2033730612
36456,15404827,2038544324
36457,15404827,2053710371
36458,15404827,2062373230
36459,15404827,2147483647
36851,15564217,1979586311
36852,15564217,1988426697
36853,15564217,1991771956
36854,15564217,2057327844
36855,15564217,2066581195
36856,15564217,2067549627
36857,15564217,2080361443
36858,15564217,2080904393
36859,15564217,2082773871
36860,15564217,2098841171
36861,15564217,2117526699
36862,15564217,2132244149
37824,16006751,1581382551
37825,16006751,1983970357
37826,16006751,1997220364
37827,16006751,2020052983
37828,16006751,2020124141
37829,16006751,2061706535
37830,16006751,2073503210
37831,16006751,2075055204
37832,16006751,2147483647
37833,16006751,2147483647
37847,16012870,1968628173
37848,16012870,1981658832
37849,16012870,1981796452
37850,16012870,1985002081
37851,16012870,1993137689
37852,16012870,1994677574
37853,16012870,1997505702
37854,16012870,1998090864
37855,16012870,2007280433
37856,16012870,2008334940
37857,16012870,2016072704
37858,16012870,2022397206
37859,16012870,2030751142
37860,16012870,2044213293
37861,16012870,2052455344
37862,16012870,2058271697
37863,16012870,2070539252
37864,16012870,2081115373
37865,16012870,2081199570
37866,16012870,2088389552
37867,16012870,2126211331
37868,16012870,2144365951
37869,16012870,2147483647
37890,16020344,1907575477
37891,16020344,1964622938
37892,16020344,1987428261
37893,16020344,2000352412
37894,16020344,2029080338
37895,16020344,2043441508
37896,16020344,2065786458
37897,16020344,2121044342
37898,16020344,2147483647
37925,16032796,1595752175
37926,16032796,2029883816
37927,16032796,2053375897
37928,16032796,2058426917
37929,16032796,2074470232
37930,16032796,2102494435
37931,16032796,2147483647
37932,16032796,2147483647
38084,16088872,1944035943
38085,16088872,1970879298
38086,16088872,1973037449
38087,16088872,2008776459
38088,16088872,2009283506
38089,16088872,2020797931
38090,16088872,2085232461
38091,16088872,2107683644
38092,16088872,2144071209
38093,16088872,2145589027
38094,16088872,2147483647
38095,16088872,2147483647
38096,16088872,2147483647
38106,16092433,118722372
38107,16092433,335065683
38108,16092433,1491413470
38109,16092433,1586392520
38110,16092433,1772959897
38111,16092433,1918881213
38112,16092433,1968997645
38113,16092433,1970548110
38114,16092433,1972722060
38115,16092433,1976189816
38116,16092433,1979954958
38117,16092433,2012252491
38118,16092433,2013993175
38119,16092433,2026862737
38120,16092433,2065948070
38121,16092433,2076819781
38122,16092433,2093773022
38123,16092433,2120597716
38124,16092433,2138852428
38125,16092433,2144192536
38126,16092433,2147483647
38273,16161600,349003196
38274,16161600,565051904
38275,16161600,618939421
38276,16161600,1864245282
38277,16161600,2031788195
38278,16161600,2038029777
38279,16161600,2048342259
38280,16161600,2080740952
38281,16161600,2094822445
38500,16265067,64129582
38501,16265067,1985315727
38502,16265067,2013248533
38503,16265067,2031932052
38504,16265067,2037350042
38505,16265067,2109140483
38506,16265067,2121317812
38507,16265067,2147483647
39008,16489721,1967354359
39009,16489721,1994047166
39010,16489721,1999560824
39011,16489721,2029525138
39012,16489721,2042469740
39013,16489721,2074267243
39014,16489721,2104184485
39015,16489721,2112153119
39016,16489721,2147483647
39160,16553664,22894137
39161,16553664,1554115630
39162,16553664,1760832530
39163,16553664,1784585471
39164,16553664,1978670510
39165,16553664,2057351603
39166,16553664,2063570717
39167,16553664,2120040647
39710,16786867,590446123
39711,16786867,1578176981
39712,16786867,2018313200
39713,16786867,2037153421
39714,16786867,2100811767
39715,16786867,2130929414
39716,16786867,2147483647
39717,16786867,2147483647
40779,17258163,1985890505
40780,17258163,1998505069
40781,17258163,2023402473
40782,17258163,2071082765
40783,17258163,2082741589
40784,17258163,2085139758
40785,17258163,2095972733
40786,17258163,2147483647
40839,17276968,1786861597
40840,17276968,1973751061
40841,17276968,2010215687
40842,17276968,2015582536
40843,17276968,2024095083
40844,17276968,2030003935
40845,17276968,2034438463
40846,17276968,2047487676
40847,17276968,2075618995
40848,17276968,2091653427
40849,17276968,2137465301
41158,17402385,1525281190
41159,17402385,1972402506
41160,17402385,2043144038
41161,17402385,2058550908
41162,17402385,2058724454
41163,17402385,2101871799
41164,17402385,2107320391
41165,17402385,2108756818
41280,17461287,2016429097
41281,17461287,2017454169
41282,17461287,2025616435
41283,17461287,2038194129
41284,17461287,2114072420
41285,17461287,2130722194
41286,17461287,2135153062
41287,17461287,2147483647
41390,17507278,2021964018
41391,17507278,2043892088
41392,17507278,2050936686
41393,17507278,2071162294
41394,17507278,2089976888
41395,17507278,2101536960
41396,17507278,2147483647
41397,17507278,2147483647
41436,17525849,1529674879
41437,17525849,1985383819
41438,17525849,1993846945
41439,17525849,2078792375
41440,17525849,2102429140
41441,17525849,2115867185
41442,17525849,2147483647
41443,17525849,2147483647
41444,17525849,2147483647
41884,17729363,1926500085
41885,17729363,1984046181
41886,17729363,1992760686
41887,17729363,1999644099
41888,17729363,2010281502
41889,17729363,2061887210
41890,17729363,2089574530
41891,17729363,2105768236
41892,17729363,2122739666
43068,18291858,1613089286
43069,18291858,1970945184
43070,18291858,2022424951
43071,18291858,2038257646
43072,18291858,2054591176
43073,18291858,2060796327
43074,18291858,2062613593
43075,18291858,2067143674
43076,18291858,2127459239
43254,18359492,1986805667
43255,18359492,2006772377
43256,18359492,2030366403
43257,18359492,2047242796
43258,18359492,2061883182
43259,18359492,2081960403
43260,18359492,2083465915
43261,18359492,2147483647
43262,18359492,2147483647
43443,18425919,1582241041
43444,18425919,1978630977
43445,18425919,1982131729
43446,18425919,1993542424
43447,18425919,2052179888
43448,18425919,2052848550
43449,18425919,2067325834
43450,18425919,2069288272
43451,18425919,2117786493
43452,18425919,2147483647
43492,18446666,154875670
43493,18446666,1496331455
43494,18446666,2034036140
43495,18446666,2107109582
43496,18446666,2122045544
43497,18446666,2129150802
43498,18446666,2132703268
43499,18446666,2140383117
43500,18446666,2145451524
43558,18466495,617304327
43559,18466495,1505288436
43560,18466495,1554247458
43561,18466495,1591305360
43562,18466495,1595952557
43563,18466495,1927651636
43564,18466495,2012728734
43565,18466495,2014312242
43566,18466495,2035692510
43567,18466495,2102125083
43568,18466495,2107293374
43569,18466495,2107355165
43570,18466495,2114932053
43571,18466495,2147483647
43753,18544636,1965281230
43754,18544636,1969720680
43755,18544636,1978004862
43756,18544636,1979327430
43757,18544636,1996744994
43758,18544636,2033349748
43759,18544636,2074682130
43760,18544636,2092893227
43761,18544636,2127506972
43787,18559595,1481887207
43788,18559595,1524462148
43789,18559595,2063998825
43790,18559595,2073977194
43791,18559595,2134894145
43792,18559595,2138756256
43793,18559595,2144592278
43794,18559595,2147483647
44220,18753138,142521041
44221,18753138,323294548
44222,18753138,1884557920
44223,18753138,1987408768
44224,18753138,2014105966
44225,18753138,2024180702
44226,18753138,2042472347
44227,18753138,2048708604
44228,18753138,2093182360
44229,18753138,2104312191
44230,18753138,2147483647
44804,19002115,1659768997
44805,19002115,1784857457
44806,19002115,1966735516
44807,19002115,1982071355
44808,19002115,1993628118
44809,19002115,2020016210
44810,19002115,2022946319
44811,19002115,2039674227
44812,19002115,2059586821
44813,19002115,2096073471
44814,19002115,2101920472
44976,19082254,1536480181
44977,19082254,1553927017
44978,19082254,1978407444
44979,19082254,2010542727
44980,19082254,2016522376
44981,19082254,2099241614
44982,19082254,2120303897
44983,19082254,2122024097
45253,19189915,166690332
45254,19189915,1913108561
45255,19189915,1966122290
45256,19189915,2036470568
45257,19189915,2037128365
45258,19189915,2040751350
45259,19189915,2070533330
45260,19189915,2073081893
45261,19189915,2085326242
45262,19189915,2090191293
45263,19189915,2100799723
45264,19189915,2110090383
45265,19189915,2120184186
45266,19189915,2122386753
45267,19189915,2124821727
45268,19189915,2130617223
45621,19319499,1978144369
45622,19319499,2019241142
45623,19319499,2021170096
45624,19319499,2077080652
45625,19319499,2082627145
45626,19319499,2128511563
45627,19319499,2137035181
45628,19319499,2147483647
45651,19326639,199740677
45652,19326639,1532004841
45653,19326639,1995170589
45654,19326639,2011063009
45655,19326639,2046284455
45656,19326639,2068440970
45657,19326639,2130826999
45658,19326639,2137004069
45659,19326639,2147483647
45660,19326639,2147483647
45699,19353430,1968601682
45700,19353430,1975782275
45701,19353430,1976971221
45702,19353430,1990137877
45703,19353430,1994421450
45704,19353430,1998792292
45705,19353430,2006749344
45706,19353430,2013990610
45707,19353430,2059566947
45708,19353430,2073300797
45709,19353430,2091152603
45710,19353430,2093990971
45711,19353430,2124257017
45712,19353430,2142747205
45713,19353430,2147483647
45756,19369430,2015398239
45757,19369430,2018021093
45758,19369430,2072814223
45759,19369430,2078978479
45760,19369430,2088348233
45761,19369430,2143506081
45762,19369430,2147483647
45763,19369430,2147483647
46055,19487161,1978203957
46056,19487161,1987999022
46057,19487161,1989161294
46058,19487161,2019147982
46059,19487161,2030343868
46060,19487161,2064200220
46061,19487161,2070657429
46062,19487161,2147483647
46172,19532874,1964984932
46173,19532874,1973631728
46174,19532874,1985321287
46175,19532874,2008182786
46176,19532874,2011920401
46177,19532874,2022287291
46178,19532874,2024550280
46179,19532874,2026180657
46180,19532874,2035030010
46181,19532874,2067733484
46182,19532874,2113089637
46364,19605499,1513956906
46365,19605499,1539556208
46366,19605499,1969635202
46367,19605499,1981049103
46368,19605499,2007017169
46369,19605499,2015424733
46370,19605499,2028580069
46371,19605499,2044730840
46372,19605499,2051148897
46373,19605499,2065208449
46374,19605499,2082186214
46375,19605499,2082408673
46376,19605499,2084108448
46377,19605499,2095629702
46378,19605499,2117789967
46379,19605499,2147483647
46394,19619244,1528144920
46395,19619244,1540651571
46396,19619244,1988488966
46397,19619244,2017154062
46398,19619244,2046165746
46399,19619244,2048551040
46400,19619244,2097467142
46401,19619244,2142490432
46402,19619244,2147483647
46574,19703925,382506828
46575,19703925,1995024666
46576,19703925,2001494202
46577,19703925,2014550164
46578,19703925,2032194465
46579,19703925,2052145954
46580,19703925,2147483647
46581,19703925,2147483647
46943,19879114,99217777
46944,19879114,1988624396
46945,19879114,2008334479
46946,19879114,2037989058
46947,19879114,2045436888
46948,19879114,2045527317
46949,19879114,2056672501
46950,19879114,2082525666
46951,19879114,2083514454
46952,19879114,2087094228
46953,19879114,2092468216
47346,20047557,1035808924
47347,20047557,2011754024
47348,20047557,2018763193
47349,20047557,2029904830
47350,20047557,2042122186
47351,20047557,2043943516
47352,20047557,2046523796
47353,20047557,2092408440
47354,20047557,2104112330
47939,20279507,1988000897
47940,20279507,2027678678
47941,20279507,2091864502
47942,20279507,2091871417
47943,20279507,2116132482
47944,20279507,2137626394
47945,20279507,2147483647
47946,20279507,2147483647
48095,20336324,290350904
48096,20336324,301412410
48097,20336324,581843641
48098,20336324,1495112635
48099,20336324,1544029093
48100,20336324,2009884506
48101,20336324,2014609005
48102,20336324,2048543653
48103,20336324,2098431949
48628,20583989,1966768383
48629,20583989,1982440350
48630,20583989,2004725892
48631,20583989,2050141913
48632,20583989,2058932113
48633,20583989,2117886757
48634,20583989,2147483647
48635,20583989,2147483647
48936,20723224,201815480
48937,20723224,1511682867
48938,20723224,1907119115
48939,20723224,1970252161
48940,20723224,1980221347
48941,20723224,1989928355
48942,20723224,2002516229
48943,20723224,2012845566
48944,20723224,2022264196
48945,20723224,2068362154
48946,20723224,2090298024
49402,20939333,1606363524
49403,20939333,1756723285
49404,20939333,1987000956
49405,20939333,2001015411
49406,20939333,2013215719
49407,20939333,2018188543
49408,20939333,2022022413
49409,20939333,2027286533
49410,20939333,2041566569
49411,20939333,2140552959
49499,20981505,1984747795
49500,20981505,1990663181
49501,20981505,2037714584
49502,20981505,2048603839
49503,20981505,2049456105
49504,20981505,2073095841
49505,20981505,2087400224
49506,20981505,2090079179
49507,20981505,2090910720
49508,20981505,2097663766
49509,20981505,2098439072
49510,20981505,2105393626
49511,20981505,2106831004
49512,20981505,2107703015
49513,20981505,2125846605
49514,20981505,2126210751
49515,20981505,2128020846
49516,20981505,2144358847
49517,20981505,2147483647
49738,21091927,1821468701
49739,21091927,1965259272
49740,21091927,1976485125
49741,21091927,1995357988
49742,21091927,1998077360
49743,21091927,2030667526
49744,21091927,2060557341
49745,21091927,2069378719
49746,21091927,2082445321
49747,21091927,2104783780
49748,21091927,2130069331
49749,21091927,2136566931
49750,21091927,2147483647
49751,21091927,2147483647
49752,21091927,2147483647
50098,21233895,124953965
50099,21233895,146803614
50100,21233895,612160570
50101,21233895,1516897956
50102,21233895,1532944971
50103,21233895,1564561177
50104,21233895,1596157984
50105,21233895,2147483647
50162,21259610,1488621072
50163,21259610,1896648496
50164,21259610,1993183344
50165,21259610,2006689283
50166,21259610,2007986548
50167,21259610,2091644279
50168,21259610,2147483647
50169,21259610,2147483647
51511,21918984,2004362709
51512,21918984,2027272551
51513,21918984,2052722944
51514,21918984,2062354480
51515,21918984,2068337326
51516,21918984,2096966529
51517,21918984,2141897277
51518,21918984,2147483647
52008,22127060,53172285
52009,22127060,280832690
52010,22127060,1990077714
52011,22127060,2012589920
52012,22127060,2038955211
52013,22127060,2049879529
52014,22127060,2053109168
52015,22127060,2081409739
52016,22127060,2085496823
52017,22127060,2130457940
52141,22178275,1647553833
52142,22178275,1970037245
52143,22178275,1972166544
52144,22178275,1983348764
52145,22178275,2051611229
52146,22178275,2079729042
52147,22178275,2081779271
52148,22178275,2147483647
52149,22178275,2147483647
52150,22178275,2147483647
52985,22532118,1913987579
52986,22532118,1988393390
52987,22532118,1991923623
52988,22532118,2038313955
52989,22532118,2083136237
52990,22532118,2091161969
52991,22532118,2129863803
52992,22532118,2134033103
52993,22532118,2147483647
53173,22613763,1970546052
53174,22613763,1984730040
53175,22613763,1994476492
53176,22613763,1998207793
53177,22613763,2002058542
53178,22613763,2005322335
53179,22613763,2007652604
53180,22613763,2036392261
53181,22613763,2039050118
53182,22613763,2039932456
53183,22613763,2051593533
53184,22613763,2053299172
53185,22613763,2055003132
53186,22613763,2063384777
53217,22631549,1974808718
53218,22631549,2025119563
53219,22631549,2026858747
53220,22631549,2047854878
53221,22631549,2048114706
53222,22631549,2088195656
53223,22631549,2089986594
53224,22631549,2096787550
53297,22661569,85259583
53298,22661569,157159513
53299,22661569,2011557653
53300,22661569,2058895840
53301,22661569,2072990366
53302,22661569,2078471619
53303,22661569,2106882534
53304,22661569,2112061642
53305,22661569,2147483647
53965,22935332,1677786893
53966,22935332,1980785735
53967,22935332,1993711942
53968,22935332,1999899533
53969,22935332,2007004564
53970,22935332,2008978689
53971,22935332,2042274367
53972,22935332,2114660893
53973,22935332,2141443242
53974,22935332,2147483647
54448,23137167,1909118382
54449,23137167,1963909450
54450,23137167,1968452434
54451,23137167,1988994414
54452,23137167,1998819095
54453,23137167,2009924284
54454,23137167,2011868399
54455,23137167,2022356586
54456,23137167,2067653469
54457,23137167,2094468831
54458,23137167,2126696582
54566,23199070,1973861730
54567,23199070,1988842623
54568,23199070,2003691314
54569,23199070,2018200555
54570,23199070,2025126137
54571,23199070,2026347655
54572,23199070,2040687623
54573,23199070,2045296571
54574,23199070,2114872541
54575,23199070,2127527429
54576,23199070,2147483647
54643,23232419,2036978149
54644,23232419,2062368760
54645,23232419,2121754658
54646,23232419,2124457205
54647,23232419,2139694898
54648,23232419,2142560611
54649,23232419,2147483647
54650,23232419,2147483647
55425,23568731,1829780233
55426,23568731,1980052880
55427,23568731,2058445956
55428,23568731,2071823122
55429,23568731,2073823716
55430,23568731,2095406133
55431,23568731,2113915152
55432,23568731,2124030271
55433,23568731,2135750628
55434,23568731,2145933466
55435,23568731,2147483647
55541,23624565,1939173654
55542,23624565,1991601559
55543,23624565,1999484572
55544,23624565,2039035572
55545,23624565,2045084297
55546,23624565,2055173362
55547,23624565,2103868498
55548,23624565,2147483647
55549,23624565,2147483647
55554,23629192,1970762100
55555,23629192,1976083708
55556,23629192,1994535156
55557,23629192,1995856926
55558,23629192,1998092008
55559,23629192,1998306433
55560,23629192,2004244335
55561,23629192,2012780108
55562,23629192,2021425036
55563,23629192,2022568937
55564,23629192,2052667112
55565,23629192,2074951219
55566,23629192,2079638073
55567,23629192,2106358343
55568,23629192,2141162813
55569,23629192,2147483647
55663,23663410,1968129169
55664,23663410,1978684995
55665,23663410,1986143901
55666,23663410,2022715973
55667,23663410,2029074727
55668,23663410,2056975410
55669,23663410,2073434862
55670,23663410,2084077226
55671,23663410,2110277803
55672,23663410,2139358369
55673,23663410,2147483647
55674,23663410,2147483647
55774,23704941,141766638
55775,23704941,1988147224
55776,23704941,1996117358
55777,23704941,1996919966
55778,23704941,1998691772
55779,23704941,2018091513
55780,23704941,2041800056
55781,23704941,2045567746
55782,23704941,2045806820
55783,23704941,2046121838
55784,23704941,2061159757
55785,23704941,2064964332
55786,23704941,2066504122
55787,23704941,2077310552
55788,23704941,2082180649
55789,23704941,2143541398
55790,23704941,2147483647
55791,23704941,2147483647
55801,23710076,1995946464
55802,23710076,2016355843
55803,23710076,2016704563
55804,23710076,2019243277
55805,23710076,2046997866
55806,23710076,2049420045
55807,23710076,2069420753
55808,23710076,2086011383
56145,23855289,1965273622
56146,23855289,1996747774
56147,23855289,2008738445
56148,23855289,2013443174
56149,23855289,2018595535
56150,23855289,2047470479
56151,23855289,2076053527
56152,23855289,2076080712
56588,24045404,1979519103
56589,24045404,1992408462
56590,24045404,2004095611
56591,24045404,2074026361
56592,24045404,2086357721
56593,24045404,2118253219
56594,24045404,2128363112
56595,24045404,2146558620
56722,24090294,1991417722
56723,24090294,2004471993
56724,24090294,2031416354
56725,24090294,2032543849
56726,24090294,2060197495
56727,24090294,2068464983
56728,24090294,2108478047
56729,24090294,2147483647
56752,24097888,31101209
56753,24097888,143753117
56754,24097888,1602446144
56755,24097888,1965806742
56756,24097888,1992603978
56757,24097888,2089277080
56758,24097888,2147483647
56759,24097888,2147483647
56834,24137899,22942854
56835,24137899,1986140162
56836,24137899,1996572740
56837,24137899,2012976019
56838,24137899,2091082509
56839,24137899,2124805291
56840,24137899,2147483647
56841,24137899,2147483647
57499,24436004,1975836044
57500,24436004,1999538382
57501,24436004,2017837640
57502,24436004,2049258315
57503,24436004,2050620572
57504,24436004,2050654927
57505,24436004,2060542222
57506,24436004,2076668176
57507,24436004,2123060295
57508,24436004,2139015171
57509,24436004,2142423018
57611,24482599,1869004865
57612,24482599,1938553409
57613,24482599,1991691574
57614,24482599,2002759821
57615,24482599,2014051082
57616,24482599,2051150386
57617,24482599,2053087896
57618,24482599,2062403124
58664,24908753,1978709554
58665,24908753,1994118731
58666,24908753,2003985512
58667,24908753,2019767676
58668,24908753,2059631627
58669,24908753,2072511595
58670,24908753,2119120707
58671,24908753,2138107312
58771,24955646,1972268752
58772,24955646,1992296270
58773,24955646,1997223407
58774,24955646,2050844892
58775,24955646,2065510014
58776,24955646,2106468261
58777,24955646,2124467126
58778,24955646,2147483647
58779,24955646,2147483647
59113,25096446,348133322
59114,25096446,1973014880
59115,25096446,2002754870
59116,25096446,2005133256
59117,25096446,2015705003
59118,25096446,2058571954
59119,25096446,2068162067
59120,25096446,2133196732
59673,25338134,192297667
59674,25338134,1970558739
59675,25338134,1999694011
59676,25338134,2009283011
59677,25338134,2013896156
59678,25338134,2089693363
59679,25338134,2130136918
59680,25338134,2147483647
59681,25338134,2147483647
60240,25579626,153399000
60241,25579626,1896372304
60242,25579626,2000781556
60243,25579626,2022928215
60244,25579626,2045315837
60245,25579626,2063989698
60246,25579626,2066534219
